<annotation>
	<folder>Apple2</folder>
	<filename>Screenshot 2022-05-11 115424.png</filename>
	<path>C:\Users\paul2\OneDrive\Desktop\Apple2\Screenshot 2022-05-11 115424.png</path>
	<source>
		<database>Unknown</database>
	</source>
	<size>
		<width>470</width>
		<height>505</height>
		<depth>3</depth>
	</size>
	<segmented>0</segmented>
	<object>
		<name>Apple</name>
		<pose>Unspecified</pose>
		<truncated>0</truncated>
		<difficult>0</difficult>
		<bndbox>
			<xmin>46</xmin>
			<ymin>42</ymin>
			<xmax>414</xmax>
			<ymax>494</ymax>
		</bndbox>
	</object>
</annotation>
