<annotation>
	<folder>Apple2</folder>
	<filename>Screenshot 2022-05-11 114432.png</filename>
	<path>C:\Users\paul2\OneDrive\Desktop\Apple2\Screenshot 2022-05-11 114432.png</path>
	<source>
		<database>Unknown</database>
	</source>
	<size>
		<width>185</width>
		<height>175</height>
		<depth>3</depth>
	</size>
	<segmented>0</segmented>
	<object>
		<name>Apple</name>
		<pose>Unspecified</pose>
		<truncated>0</truncated>
		<difficult>0</difficult>
		<bndbox>
			<xmin>71</xmin>
			<ymin>63</ymin>
			<xmax>101</xmax>
			<ymax>100</ymax>
		</bndbox>
	</object>
</annotation>
