<annotation>
	<folder>Apple2</folder>
	<filename>Screenshot 2022-05-11 151654.png</filename>
	<path>C:\Users\paul2\OneDrive\Desktop\Apple2\Screenshot 2022-05-11 151654.png</path>
	<source>
		<database>Unknown</database>
	</source>
	<size>
		<width>140</width>
		<height>145</height>
		<depth>3</depth>
	</size>
	<segmented>0</segmented>
	<object>
		<name>Apple</name>
		<pose>Unspecified</pose>
		<truncated>0</truncated>
		<difficult>0</difficult>
		<bndbox>
			<xmin>43</xmin>
			<ymin>34</ymin>
			<xmax>97</xmax>
			<ymax>98</ymax>
		</bndbox>
	</object>
</annotation>
