<annotation>
	<folder>Apple</folder>
	<filename>Screenshot 2022-05-09 155509.png</filename>
	<path>C:\Users\paul2\OneDrive\Desktop\Apple\Screenshot 2022-05-09 155509.png</path>
	<source>
		<database>Unknown</database>
	</source>
	<size>
		<width>1705</width>
		<height>1380</height>
		<depth>3</depth>
	</size>
	<segmented>0</segmented>
	<object>
		<name>Apple</name>
		<pose>Unspecified</pose>
		<truncated>0</truncated>
		<difficult>0</difficult>
		<bndbox>
			<xmin>204</xmin>
			<ymin>667</ymin>
			<xmax>297</xmax>
			<ymax>801</ymax>
		</bndbox>
	</object>
	<object>
		<name>Apple</name>
		<pose>Unspecified</pose>
		<truncated>0</truncated>
		<difficult>0</difficult>
		<bndbox>
			<xmin>467</xmin>
			<ymin>615</ymin>
			<xmax>566</xmax>
			<ymax>760</ymax>
		</bndbox>
	</object>
	<object>
		<name>Apple</name>
		<pose>Unspecified</pose>
		<truncated>0</truncated>
		<difficult>0</difficult>
		<bndbox>
			<xmin>786</xmin>
			<ymin>538</ymin>
			<xmax>897</xmax>
			<ymax>693</ymax>
		</bndbox>
	</object>
	<object>
		<name>Apple</name>
		<pose>Unspecified</pose>
		<truncated>0</truncated>
		<difficult>0</difficult>
		<bndbox>
			<xmin>1124</xmin>
			<ymin>497</ymin>
			<xmax>1233</xmax>
			<ymax>661</ymax>
		</bndbox>
	</object>
	<object>
		<name>Apple</name>
		<pose>Unspecified</pose>
		<truncated>0</truncated>
		<difficult>0</difficult>
		<bndbox>
			<xmin>1492</xmin>
			<ymin>411</ymin>
			<xmax>1618</xmax>
			<ymax>600</ymax>
		</bndbox>
	</object>
</annotation>
