<annotation>
	<folder>Apple</folder>
	<filename>Screenshot 2022-05-09 155442.png</filename>
	<path>C:\Users\paul2\OneDrive\Desktop\Apple\Screenshot 2022-05-09 155442.png</path>
	<source>
		<database>Unknown</database>
	</source>
	<size>
		<width>1895</width>
		<height>1767</height>
		<depth>3</depth>
	</size>
	<segmented>0</segmented>
	<object>
		<name>Apple</name>
		<pose>Unspecified</pose>
		<truncated>0</truncated>
		<difficult>0</difficult>
		<bndbox>
			<xmin>838</xmin>
			<ymin>839</ymin>
			<xmax>1048</xmax>
			<ymax>911</ymax>
		</bndbox>
	</object>
	<object>
		<name>Apple</name>
		<pose>Unspecified</pose>
		<truncated>0</truncated>
		<difficult>0</difficult>
		<bndbox>
			<xmin>793</xmin>
			<ymin>1535</ymin>
			<xmax>826</xmax>
			<ymax>1578</ymax>
		</bndbox>
	</object>
</annotation>
