<annotation>
	<folder>Apple</folder>
	<filename>Screenshot 2022-05-09 161540.png</filename>
	<path>C:\Users\paul2\OneDrive\Desktop\Apple\Screenshot 2022-05-09 161540.png</path>
	<source>
		<database>Unknown</database>
	</source>
	<size>
		<width>910</width>
		<height>1000</height>
		<depth>3</depth>
	</size>
	<segmented>0</segmented>
	<object>
		<name>Apple</name>
		<pose>Unspecified</pose>
		<truncated>0</truncated>
		<difficult>0</difficult>
		<bndbox>
			<xmin>45</xmin>
			<ymin>3</ymin>
			<xmax>834</xmax>
			<ymax>962</ymax>
		</bndbox>
	</object>
</annotation>
