<annotation>
	<folder>Apple</folder>
	<filename>Screenshot 2022-05-09 155813.png</filename>
	<path>C:\Users\paul2\OneDrive\Desktop\Apple\Screenshot 2022-05-09 155813.png</path>
	<source>
		<database>Unknown</database>
	</source>
	<size>
		<width>960</width>
		<height>995</height>
		<depth>3</depth>
	</size>
	<segmented>0</segmented>
	<object>
		<name>Apple</name>
		<pose>Unspecified</pose>
		<truncated>0</truncated>
		<difficult>0</difficult>
		<bndbox>
			<xmin>7</xmin>
			<ymin>438</ymin>
			<xmax>106</xmax>
			<ymax>709</ymax>
		</bndbox>
	</object>
</annotation>
