<annotation>
	<folder>Apple2</folder>
	<filename>Screenshot 2022-05-09 182603.png</filename>
	<path>C:\Users\paul2\OneDrive\Desktop\Apple2\Screenshot 2022-05-09 182603.png</path>
	<source>
		<database>Unknown</database>
	</source>
	<size>
		<width>395</width>
		<height>427</height>
		<depth>3</depth>
	</size>
	<segmented>0</segmented>
	<object>
		<name>Apple</name>
		<pose>Unspecified</pose>
		<truncated>0</truncated>
		<difficult>0</difficult>
		<bndbox>
			<xmin>79</xmin>
			<ymin>112</ymin>
			<xmax>371</xmax>
			<ymax>378</ymax>
		</bndbox>
	</object>
</annotation>
