<annotation>
	<folder>Apple2</folder>
	<filename>Screenshot 2022-05-09 182753.png</filename>
	<path>C:\Users\paul2\OneDrive\Desktop\Apple2\Screenshot 2022-05-09 182753.png</path>
	<source>
		<database>Unknown</database>
	</source>
	<size>
		<width>117</width>
		<height>145</height>
		<depth>3</depth>
	</size>
	<segmented>0</segmented>
	<object>
		<name>Apple</name>
		<pose>Unspecified</pose>
		<truncated>0</truncated>
		<difficult>0</difficult>
		<bndbox>
			<xmin>24</xmin>
			<ymin>31</ymin>
			<xmax>71</xmax>
			<ymax>82</ymax>
		</bndbox>
	</object>
</annotation>
