<annotation>
	<folder>Apple</folder>
	<filename>Screenshot 2022-05-09 155934.png</filename>
	<path>C:\Users\paul2\OneDrive\Desktop\Apple\Screenshot 2022-05-09 155934.png</path>
	<source>
		<database>Unknown</database>
	</source>
	<size>
		<width>1375</width>
		<height>1410</height>
		<depth>3</depth>
	</size>
	<segmented>0</segmented>
	<object>
		<name>Apple</name>
		<pose>Unspecified</pose>
		<truncated>0</truncated>
		<difficult>0</difficult>
		<bndbox>
			<xmin>214</xmin>
			<ymin>688</ymin>
			<xmax>347</xmax>
			<ymax>844</ymax>
		</bndbox>
	</object>
	<object>
		<name>Apple</name>
		<pose>Unspecified</pose>
		<truncated>0</truncated>
		<difficult>0</difficult>
		<bndbox>
			<xmin>949</xmin>
			<ymin>295</ymin>
			<xmax>1347</xmax>
			<ymax>812</ymax>
		</bndbox>
	</object>
</annotation>
