<annotation>
	<folder>Apple</folder>
	<filename>Screenshot 2022-05-09 155649.png</filename>
	<path>C:\Users\paul2\OneDrive\Desktop\Apple\Screenshot 2022-05-09 155649.png</path>
	<source>
		<database>Unknown</database>
	</source>
	<size>
		<width>1100</width>
		<height>1260</height>
		<depth>3</depth>
	</size>
	<segmented>0</segmented>
	<object>
		<name>Apple</name>
		<pose>Unspecified</pose>
		<truncated>0</truncated>
		<difficult>0</difficult>
		<bndbox>
			<xmin>317</xmin>
			<ymin>601</ymin>
			<xmax>437</xmax>
			<ymax>743</ymax>
		</bndbox>
	</object>
</annotation>
