<annotation>
	<folder>Apple</folder>
	<filename>Screenshot 2022-05-09 155748.png</filename>
	<path>C:\Users\paul2\OneDrive\Desktop\Apple\Screenshot 2022-05-09 155748.png</path>
	<source>
		<database>Unknown</database>
	</source>
	<size>
		<width>1745</width>
		<height>1790</height>
		<depth>3</depth>
	</size>
	<segmented>0</segmented>
	<object>
		<name>Apple</name>
		<pose>Unspecified</pose>
		<truncated>0</truncated>
		<difficult>0</difficult>
		<bndbox>
			<xmin>690</xmin>
			<ymin>79</ymin>
			<xmax>760</xmax>
			<ymax>167</ymax>
		</bndbox>
	</object>
	<object>
		<name>Apple</name>
		<pose>Unspecified</pose>
		<truncated>0</truncated>
		<difficult>0</difficult>
		<bndbox>
			<xmin>421</xmin>
			<ymin>1410</ymin>
			<xmax>581</xmax>
			<ymax>1633</ymax>
		</bndbox>
	</object>
	<object>
		<name>Apple</name>
		<pose>Unspecified</pose>
		<truncated>0</truncated>
		<difficult>0</difficult>
		<bndbox>
			<xmin>1448</xmin>
			<ymin>1370</ymin>
			<xmax>1596</xmax>
			<ymax>1585</ymax>
		</bndbox>
	</object>
</annotation>
