<annotation>
	<folder>Apple</folder>
	<filename>Screenshot 2022-05-09 161246.png</filename>
	<path>C:\Users\paul2\OneDrive\Desktop\Apple\Screenshot 2022-05-09 161246.png</path>
	<source>
		<database>Unknown</database>
	</source>
	<size>
		<width>1260</width>
		<height>1280</height>
		<depth>3</depth>
	</size>
	<segmented>0</segmented>
	<object>
		<name>Apple</name>
		<pose>Unspecified</pose>
		<truncated>0</truncated>
		<difficult>0</difficult>
		<bndbox>
			<xmin>71</xmin>
			<ymin>516</ymin>
			<xmax>214</xmax>
			<ymax>748</ymax>
		</bndbox>
	</object>
	<object>
		<name>Apple</name>
		<pose>Unspecified</pose>
		<truncated>0</truncated>
		<difficult>0</difficult>
		<bndbox>
			<xmin>586</xmin>
			<ymin>516</ymin>
			<xmax>728</xmax>
			<ymax>749</ymax>
		</bndbox>
	</object>
	<object>
		<name>Apple</name>
		<pose>Unspecified</pose>
		<truncated>0</truncated>
		<difficult>0</difficult>
		<bndbox>
			<xmin>1098</xmin>
			<ymin>519</ymin>
			<xmax>1239</xmax>
			<ymax>749</ymax>
		</bndbox>
	</object>
</annotation>
