<annotation>
	<folder>Apple2</folder>
	<filename>Screenshot 2022-05-11 115412.png</filename>
	<path>C:\Users\paul2\OneDrive\Desktop\Apple2\Screenshot 2022-05-11 115412.png</path>
	<source>
		<database>Unknown</database>
	</source>
	<size>
		<width>197</width>
		<height>205</height>
		<depth>3</depth>
	</size>
	<segmented>0</segmented>
	<object>
		<name>Apple</name>
		<pose>Unspecified</pose>
		<truncated>0</truncated>
		<difficult>0</difficult>
		<bndbox>
			<xmin>74</xmin>
			<ymin>77</ymin>
			<xmax>149</xmax>
			<ymax>139</ymax>
		</bndbox>
	</object>
</annotation>
