<annotation>
	<folder>Apple</folder>
	<filename>Screenshot 2022-05-09 155901.png</filename>
	<path>C:\Users\paul2\OneDrive\Desktop\Apple\Screenshot 2022-05-09 155901.png</path>
	<source>
		<database>Unknown</database>
	</source>
	<size>
		<width>1420</width>
		<height>980</height>
		<depth>3</depth>
	</size>
	<segmented>0</segmented>
	<object>
		<name>Apple</name>
		<pose>Unspecified</pose>
		<truncated>0</truncated>
		<difficult>0</difficult>
		<bndbox>
			<xmin>192</xmin>
			<ymin>476</ymin>
			<xmax>348</xmax>
			<ymax>668</ymax>
		</bndbox>
	</object>
	<object>
		<name>Apple</name>
		<pose>Unspecified</pose>
		<truncated>0</truncated>
		<difficult>0</difficult>
		<bndbox>
			<xmin>1137</xmin>
			<ymin>446</ymin>
			<xmax>1284</xmax>
			<ymax>626</ymax>
		</bndbox>
	</object>
</annotation>
