<annotation>
	<folder>Apple2</folder>
	<filename>Screenshot 2022-05-09 182121.png</filename>
	<path>C:\Users\paul2\OneDrive\Desktop\Apple2\Screenshot 2022-05-09 182121.png</path>
	<source>
		<database>Unknown</database>
	</source>
	<size>
		<width>445</width>
		<height>340</height>
		<depth>3</depth>
	</size>
	<segmented>0</segmented>
	<object>
		<name>Apple</name>
		<pose>Unspecified</pose>
		<truncated>0</truncated>
		<difficult>0</difficult>
		<bndbox>
			<xmin>20</xmin>
			<ymin>87</ymin>
			<xmax>72</xmax>
			<ymax>148</ymax>
		</bndbox>
	</object>
	<object>
		<name>Apple</name>
		<pose>Unspecified</pose>
		<truncated>0</truncated>
		<difficult>0</difficult>
		<bndbox>
			<xmin>192</xmin>
			<ymin>184</ymin>
			<xmax>241</xmax>
			<ymax>244</ymax>
		</bndbox>
	</object>
	<object>
		<name>Apple</name>
		<pose>Unspecified</pose>
		<truncated>0</truncated>
		<difficult>0</difficult>
		<bndbox>
			<xmin>373</xmin>
			<ymin>104</ymin>
			<xmax>427</xmax>
			<ymax>166</ymax>
		</bndbox>
	</object>
</annotation>
