<annotation>
	<folder>Apple</folder>
	<filename>Screenshot 2022-05-09 155356.png</filename>
	<path>C:\Users\paul2\OneDrive\Desktop\Apple\Screenshot 2022-05-09 155356.png</path>
	<source>
		<database>Unknown</database>
	</source>
	<size>
		<width>1732</width>
		<height>1595</height>
		<depth>3</depth>
	</size>
	<segmented>0</segmented>
	<object>
		<name>Apple</name>
		<pose>Unspecified</pose>
		<truncated>0</truncated>
		<difficult>0</difficult>
		<bndbox>
			<xmin>1215</xmin>
			<ymin>669</ymin>
			<xmax>1376</xmax>
			<ymax>861</ymax>
		</bndbox>
	</object>
</annotation>
