<annotation>
	<folder>Apple</folder>
	<filename>Screenshot 2022-05-09 160008.png</filename>
	<path>C:\Users\paul2\OneDrive\Desktop\Apple\Screenshot 2022-05-09 160008.png</path>
	<source>
		<database>Unknown</database>
	</source>
	<size>
		<width>930</width>
		<height>985</height>
		<depth>3</depth>
	</size>
	<segmented>0</segmented>
	<object>
		<name>Apple</name>
		<pose>Unspecified</pose>
		<truncated>0</truncated>
		<difficult>0</difficult>
		<bndbox>
			<xmin>69</xmin>
			<ymin>364</ymin>
			<xmax>279</xmax>
			<ymax>644</ymax>
		</bndbox>
	</object>
	<object>
		<name>Apple</name>
		<pose>Unspecified</pose>
		<truncated>0</truncated>
		<difficult>0</difficult>
		<bndbox>
			<xmin>656</xmin>
			<ymin>510</ymin>
			<xmax>848</xmax>
			<ymax>822</ymax>
		</bndbox>
	</object>
</annotation>
