<annotation>
	<folder>Apple</folder>
	<filename>Screenshot 2022-05-09 155920.png</filename>
	<path>C:\Users\paul2\OneDrive\Desktop\Apple\Screenshot 2022-05-09 155920.png</path>
	<source>
		<database>Unknown</database>
	</source>
	<size>
		<width>1205</width>
		<height>1272</height>
		<depth>3</depth>
	</size>
	<segmented>0</segmented>
	<object>
		<name>Apple</name>
		<pose>Unspecified</pose>
		<truncated>0</truncated>
		<difficult>0</difficult>
		<bndbox>
			<xmin>800</xmin>
			<ymin>581</ymin>
			<xmax>845</xmax>
			<ymax>624</ymax>
		</bndbox>
	</object>
	<object>
		<name>Apple</name>
		<pose>Unspecified</pose>
		<truncated>0</truncated>
		<difficult>0</difficult>
		<bndbox>
			<xmin>470</xmin>
			<ymin>363</ymin>
			<xmax>608</xmax>
			<ymax>463</ymax>
		</bndbox>
	</object>
	<object>
		<name>Apple</name>
		<pose>Unspecified</pose>
		<truncated>0</truncated>
		<difficult>0</difficult>
		<bndbox>
			<xmin>828</xmin>
			<ymin>896</ymin>
			<xmax>902</xmax>
			<ymax>1055</ymax>
		</bndbox>
	</object>
</annotation>
