<annotation>
	<folder>Apple</folder>
	<filename>Screenshot 2022-05-09 160402.png</filename>
	<path>C:\Users\paul2\OneDrive\Desktop\Apple\Screenshot 2022-05-09 160402.png</path>
	<source>
		<database>Unknown</database>
	</source>
	<size>
		<width>1480</width>
		<height>1220</height>
		<depth>3</depth>
	</size>
	<segmented>0</segmented>
	<object>
		<name>Apple</name>
		<pose>Unspecified</pose>
		<truncated>0</truncated>
		<difficult>0</difficult>
		<bndbox>
			<xmin>351</xmin>
			<ymin>569</ymin>
			<xmax>469</xmax>
			<ymax>724</ymax>
		</bndbox>
	</object>
	<object>
		<name>Apple</name>
		<pose>Unspecified</pose>
		<truncated>0</truncated>
		<difficult>0</difficult>
		<bndbox>
			<xmin>650</xmin>
			<ymin>515</ymin>
			<xmax>763</xmax>
			<ymax>661</ymax>
		</bndbox>
	</object>
	<object>
		<name>Apple</name>
		<pose>Unspecified</pose>
		<truncated>0</truncated>
		<difficult>0</difficult>
		<bndbox>
			<xmin>1204</xmin>
			<ymin>652</ymin>
			<xmax>1319</xmax>
			<ymax>772</ymax>
		</bndbox>
	</object>
</annotation>
