<annotation>
	<folder>Apple2</folder>
	<filename>Screenshot 2022-05-09 182711.png</filename>
	<path>C:\Users\paul2\OneDrive\Desktop\Apple2\Screenshot 2022-05-09 182711.png</path>
	<source>
		<database>Unknown</database>
	</source>
	<size>
		<width>452</width>
		<height>490</height>
		<depth>3</depth>
	</size>
	<segmented>0</segmented>
	<object>
		<name>Apple</name>
		<pose>Unspecified</pose>
		<truncated>0</truncated>
		<difficult>0</difficult>
		<bndbox>
			<xmin>60</xmin>
			<ymin>66</ymin>
			<xmax>212</xmax>
			<ymax>246</ymax>
		</bndbox>
	</object>
</annotation>
