<annotation>
	<folder>Apple2</folder>
	<filename>Screenshot 2022-05-09 182144.png</filename>
	<path>C:\Users\paul2\OneDrive\Desktop\Apple2\Screenshot 2022-05-09 182144.png</path>
	<source>
		<database>Unknown</database>
	</source>
	<size>
		<width>617</width>
		<height>555</height>
		<depth>3</depth>
	</size>
	<segmented>0</segmented>
	<object>
		<name>Apple</name>
		<pose>Unspecified</pose>
		<truncated>0</truncated>
		<difficult>0</difficult>
		<bndbox>
			<xmin>17</xmin>
			<ymin>157</ymin>
			<xmax>64</xmax>
			<ymax>215</ymax>
		</bndbox>
	</object>
	<object>
		<name>Apple</name>
		<pose>Unspecified</pose>
		<truncated>0</truncated>
		<difficult>0</difficult>
		<bndbox>
			<xmin>553</xmin>
			<ymin>257</ymin>
			<xmax>599</xmax>
			<ymax>319</ymax>
		</bndbox>
	</object>
</annotation>
