<annotation>
	<folder>Apple</folder>
	<filename>Screenshot 2022-05-09 160922.png</filename>
	<path>C:\Users\paul2\OneDrive\Desktop\Apple\Screenshot 2022-05-09 160922.png</path>
	<source>
		<database>Unknown</database>
	</source>
	<size>
		<width>367</width>
		<height>435</height>
		<depth>3</depth>
	</size>
	<segmented>0</segmented>
	<object>
		<name>Apple</name>
		<pose>Unspecified</pose>
		<truncated>0</truncated>
		<difficult>0</difficult>
		<bndbox>
			<xmin>91</xmin>
			<ymin>52</ymin>
			<xmax>314</xmax>
			<ymax>412</ymax>
		</bndbox>
	</object>
</annotation>
