<annotation>
	<folder>Apple2</folder>
	<filename>Screenshot 2022-05-11 151839.png</filename>
	<path>C:\Users\paul2\OneDrive\Desktop\Apple2\Screenshot 2022-05-11 151839.png</path>
	<source>
		<database>Unknown</database>
	</source>
	<size>
		<width>322</width>
		<height>235</height>
		<depth>3</depth>
	</size>
	<segmented>0</segmented>
	<object>
		<name>Apple</name>
		<pose>Unspecified</pose>
		<truncated>0</truncated>
		<difficult>0</difficult>
		<bndbox>
			<xmin>28</xmin>
			<ymin>81</ymin>
			<xmax>66</xmax>
			<ymax>135</ymax>
		</bndbox>
	</object>
	<object>
		<name>Apple</name>
		<pose>Unspecified</pose>
		<truncated>0</truncated>
		<difficult>0</difficult>
		<bndbox>
			<xmin>135</xmin>
			<ymin>60</ymin>
			<xmax>175</xmax>
			<ymax>119</ymax>
		</bndbox>
	</object>
	<object>
		<name>Apple</name>
		<pose>Unspecified</pose>
		<truncated>0</truncated>
		<difficult>0</difficult>
		<bndbox>
			<xmin>263</xmin>
			<ymin>29</ymin>
			<xmax>307</xmax>
			<ymax>92</ymax>
		</bndbox>
	</object>
</annotation>
