<annotation>
	<folder>Apple2</folder>
	<filename>Screenshot 2022-05-11 151742.png</filename>
	<path>C:\Users\paul2\OneDrive\Desktop\Apple2\Screenshot 2022-05-11 151742.png</path>
	<source>
		<database>Unknown</database>
	</source>
	<size>
		<width>160</width>
		<height>180</height>
		<depth>3</depth>
	</size>
	<segmented>0</segmented>
	<object>
		<name>Apple</name>
		<pose>Unspecified</pose>
		<truncated>0</truncated>
		<difficult>0</difficult>
		<bndbox>
			<xmin>50</xmin>
			<ymin>34</ymin>
			<xmax>114</xmax>
			<ymax>112</ymax>
		</bndbox>
	</object>
</annotation>
