<annotation>
	<folder>Apple</folder>
	<filename>Screenshot 2022-05-09 155240.png</filename>
	<path>C:\Users\paul2\OneDrive\Desktop\Apple\Screenshot 2022-05-09 155240.png</path>
	<source>
		<database>Unknown</database>
	</source>
	<size>
		<width>1000</width>
		<height>1125</height>
		<depth>3</depth>
	</size>
	<segmented>0</segmented>
	<object>
		<name>Apple</name>
		<pose>Unspecified</pose>
		<truncated>0</truncated>
		<difficult>0</difficult>
		<bndbox>
			<xmin>440</xmin>
			<ymin>528</ymin>
			<xmax>535</xmax>
			<ymax>628</ymax>
		</bndbox>
	</object>
</annotation>
