<annotation>
	<folder>Apple2</folder>
	<filename>Screenshot 2022-05-09 182057.png</filename>
	<path>C:\Users\paul2\OneDrive\Desktop\Apple2\Screenshot 2022-05-09 182057.png</path>
	<source>
		<database>Unknown</database>
	</source>
	<size>
		<width>365</width>
		<height>277</height>
		<depth>3</depth>
	</size>
	<segmented>0</segmented>
	<object>
		<name>Apple</name>
		<pose>Unspecified</pose>
		<truncated>0</truncated>
		<difficult>0</difficult>
		<bndbox>
			<xmin>20</xmin>
			<ymin>124</ymin>
			<xmax>57</xmax>
			<ymax>168</ymax>
		</bndbox>
	</object>
	<object>
		<name>Apple</name>
		<pose>Unspecified</pose>
		<truncated>0</truncated>
		<difficult>0</difficult>
		<bndbox>
			<xmin>307</xmin>
			<ymin>93</ymin>
			<xmax>341</xmax>
			<ymax>135</ymax>
		</bndbox>
	</object>
</annotation>
