<annotation>
	<folder>Apple2</folder>
	<filename>Screenshot 2022-05-09 182514.png</filename>
	<path>C:\Users\paul2\OneDrive\Desktop\Apple2\Screenshot 2022-05-09 182514.png</path>
	<source>
		<database>Unknown</database>
	</source>
	<size>
		<width>392</width>
		<height>247</height>
		<depth>3</depth>
	</size>
	<segmented>0</segmented>
	<object>
		<name>Apple</name>
		<pose>Unspecified</pose>
		<truncated>0</truncated>
		<difficult>0</difficult>
		<bndbox>
			<xmin>10</xmin>
			<ymin>163</ymin>
			<xmax>60</xmax>
			<ymax>220</ymax>
		</bndbox>
	</object>
	<object>
		<name>Apple</name>
		<pose>Unspecified</pose>
		<truncated>0</truncated>
		<difficult>0</difficult>
		<bndbox>
			<xmin>344</xmin>
			<ymin>10</ymin>
			<xmax>387</xmax>
			<ymax>62</ymax>
		</bndbox>
	</object>
</annotation>
