<annotation>
	<folder>Apple2</folder>
	<filename>Screenshot 2022-05-11 151712.png</filename>
	<path>C:\Users\paul2\OneDrive\Desktop\Apple2\Screenshot 2022-05-11 151712.png</path>
	<source>
		<database>Unknown</database>
	</source>
	<size>
		<width>292</width>
		<height>405</height>
		<depth>3</depth>
	</size>
	<segmented>0</segmented>
	<object>
		<name>Apple</name>
		<pose>Unspecified</pose>
		<truncated>0</truncated>
		<difficult>0</difficult>
		<bndbox>
			<xmin>25</xmin>
			<ymin>10</ymin>
			<xmax>82</xmax>
			<ymax>97</ymax>
		</bndbox>
	</object>
	<object>
		<name>Apple</name>
		<pose>Unspecified</pose>
		<truncated>0</truncated>
		<difficult>0</difficult>
		<bndbox>
			<xmin>157</xmin>
			<ymin>302</ymin>
			<xmax>209</xmax>
			<ymax>383</ymax>
		</bndbox>
	</object>
</annotation>
