<annotation>
	<folder>Apple2</folder>
	<filename>Screenshot 2022-05-11 115348.png</filename>
	<path>C:\Users\paul2\OneDrive\Desktop\Apple2\Screenshot 2022-05-11 115348.png</path>
	<source>
		<database>Unknown</database>
	</source>
	<size>
		<width>125</width>
		<height>120</height>
		<depth>3</depth>
	</size>
	<segmented>0</segmented>
	<object>
		<name>Apple</name>
		<pose>Unspecified</pose>
		<truncated>0</truncated>
		<difficult>0</difficult>
		<bndbox>
			<xmin>46</xmin>
			<ymin>33</ymin>
			<xmax>77</xmax>
			<ymax>71</ymax>
		</bndbox>
	</object>
</annotation>
