<annotation>
	<folder>Apple</folder>
	<filename>Screenshot 2022-05-09 161011.png</filename>
	<path>C:\Users\paul2\OneDrive\Desktop\Apple\Screenshot 2022-05-09 161011.png</path>
	<source>
		<database>Unknown</database>
	</source>
	<size>
		<width>282</width>
		<height>275</height>
		<depth>3</depth>
	</size>
	<segmented>0</segmented>
	<object>
		<name>Apple</name>
		<pose>Unspecified</pose>
		<truncated>0</truncated>
		<difficult>0</difficult>
		<bndbox>
			<xmin>120</xmin>
			<ymin>142</ymin>
			<xmax>147</xmax>
			<ymax>181</ymax>
		</bndbox>
	</object>
</annotation>
