<annotation>
	<folder>ASUS2</folder>
	<filename>Screenshot 2022-05-11 131456.png</filename>
	<path>C:\Users\paul2\OneDrive\Desktop\ASUS2\Screenshot 2022-05-11 131456.png</path>
	<source>
		<database>Unknown</database>
	</source>
	<size>
		<width>432</width>
		<height>292</height>
		<depth>3</depth>
	</size>
	<segmented>0</segmented>
	<object>
		<name>ASUS</name>
		<pose>Unspecified</pose>
		<truncated>0</truncated>
		<difficult>0</difficult>
		<bndbox>
			<xmin>72</xmin>
			<ymin>43</ymin>
			<xmax>404</xmax>
			<ymax>228</ymax>
		</bndbox>
	</object>
	<object>
		<name>ASUS</name>
		<pose>Unspecified</pose>
		<truncated>1</truncated>
		<difficult>0</difficult>
		<bndbox>
			<xmin>162</xmin>
			<ymin>276</ymin>
			<xmax>187</xmax>
			<ymax>292</ymax>
		</bndbox>
	</object>
	<object>
		<name>ASUS</name>
		<pose>Unspecified</pose>
		<truncated>0</truncated>
		<difficult>0</difficult>
		<bndbox>
			<xmin>9</xmin>
			<ymin>260</ymin>
			<xmax>49</xmax>
			<ymax>270</ymax>
		</bndbox>
	</object>
</annotation>
