<annotation>
	<folder>ASUS</folder>
	<filename>Screenshot 2022-05-09 162628.png</filename>
	<path>C:\Users\paul2\OneDrive\Desktop\ASUS\Screenshot 2022-05-09 162628.png</path>
	<source>
		<database>Unknown</database>
	</source>
	<size>
		<width>285</width>
		<height>305</height>
		<depth>3</depth>
	</size>
	<segmented>0</segmented>
	<object>
		<name>ASUS</name>
		<pose>Unspecified</pose>
		<truncated>0</truncated>
		<difficult>0</difficult>
		<bndbox>
			<xmin>22</xmin>
			<ymin>31</ymin>
			<xmax>244</xmax>
			<ymax>104</ymax>
		</bndbox>
	</object>
	<object>
		<name>ASUS</name>
		<pose>Unspecified</pose>
		<truncated>0</truncated>
		<difficult>0</difficult>
		<bndbox>
			<xmin>129</xmin>
			<ymin>253</ymin>
			<xmax>195</xmax>
			<ymax>281</ymax>
		</bndbox>
	</object>
</annotation>
