<annotation>
	<folder>ASUS2</folder>
	<filename>Screenshot 2022-05-11 130023.png</filename>
	<path>C:\Users\paul2\OneDrive\Desktop\ASUS2\Screenshot 2022-05-11 130023.png</path>
	<source>
		<database>Unknown</database>
	</source>
	<size>
		<width>657</width>
		<height>455</height>
		<depth>3</depth>
	</size>
	<segmented>0</segmented>
	<object>
		<name>ASUS</name>
		<pose>Unspecified</pose>
		<truncated>0</truncated>
		<difficult>0</difficult>
		<bndbox>
			<xmin>104</xmin>
			<ymin>18</ymin>
			<xmax>168</xmax>
			<ymax>59</ymax>
		</bndbox>
	</object>
	<object>
		<name>ASUS</name>
		<pose>Unspecified</pose>
		<truncated>0</truncated>
		<difficult>0</difficult>
		<bndbox>
			<xmin>291</xmin>
			<ymin>162</ymin>
			<xmax>649</xmax>
			<ymax>363</ymax>
		</bndbox>
	</object>
</annotation>
