<annotation>
	<folder>ASUS2</folder>
	<filename>Screenshot 2022-05-11 122828.png</filename>
	<path>C:\Users\paul2\OneDrive\Desktop\ASUS2\Screenshot 2022-05-11 122828.png</path>
	<source>
		<database>Unknown</database>
	</source>
	<size>
		<width>162</width>
		<height>164</height>
		<depth>3</depth>
	</size>
	<segmented>0</segmented>
	<object>
		<name>ASUS</name>
		<pose>Unspecified</pose>
		<truncated>0</truncated>
		<difficult>0</difficult>
		<bndbox>
			<xmin>5</xmin>
			<ymin>46</ymin>
			<xmax>150</xmax>
			<ymax>77</ymax>
		</bndbox>
	</object>
</annotation>
