<annotation>
	<folder>ASUS</folder>
	<filename>Screenshot 2022-05-09 163712.png</filename>
	<path>C:\Users\paul2\OneDrive\Desktop\ASUS\Screenshot 2022-05-09 163712.png</path>
	<source>
		<database>Unknown</database>
	</source>
	<size>
		<width>710</width>
		<height>485</height>
		<depth>3</depth>
	</size>
	<segmented>0</segmented>
	<object>
		<name>ASUS</name>
		<pose>Unspecified</pose>
		<truncated>0</truncated>
		<difficult>0</difficult>
		<bndbox>
			<xmin>47</xmin>
			<ymin>220</ymin>
			<xmax>119</xmax>
			<ymax>395</ymax>
		</bndbox>
	</object>
	<object>
		<name>ASUS</name>
		<pose>Unspecified</pose>
		<truncated>0</truncated>
		<difficult>0</difficult>
		<bndbox>
			<xmin>267</xmin>
			<ymin>107</ymin>
			<xmax>419</xmax>
			<ymax>194</ymax>
		</bndbox>
	</object>
	<object>
		<name>ASUS</name>
		<pose>Unspecified</pose>
		<truncated>0</truncated>
		<difficult>0</difficult>
		<bndbox>
			<xmin>562</xmin>
			<ymin>222</ymin>
			<xmax>649</xmax>
			<ymax>403</ymax>
		</bndbox>
	</object>
</annotation>
