<annotation>
	<folder>ASUS2</folder>
	<filename>Screenshot 2022-05-11 122254.png</filename>
	<path>C:\Users\paul2\OneDrive\Desktop\ASUS2\Screenshot 2022-05-11 122254.png</path>
	<source>
		<database>Unknown</database>
	</source>
	<size>
		<width>482</width>
		<height>555</height>
		<depth>3</depth>
	</size>
	<segmented>0</segmented>
	<object>
		<name>ASUS</name>
		<pose>Unspecified</pose>
		<truncated>0</truncated>
		<difficult>0</difficult>
		<bndbox>
			<xmin>33</xmin>
			<ymin>49</ymin>
			<xmax>122</xmax>
			<ymax>68</ymax>
		</bndbox>
	</object>
	<object>
		<name>ASUS</name>
		<pose>Unspecified</pose>
		<truncated>0</truncated>
		<difficult>0</difficult>
		<bndbox>
			<xmin>74</xmin>
			<ymin>279</ymin>
			<xmax>408</xmax>
			<ymax>352</ymax>
		</bndbox>
	</object>
</annotation>
