<annotation>
	<folder>ASUS</folder>
	<filename>Screenshot 2022-05-09 163302.png</filename>
	<path>C:\Users\paul2\OneDrive\Desktop\ASUS\Screenshot 2022-05-09 163302.png</path>
	<source>
		<database>Unknown</database>
	</source>
	<size>
		<width>117</width>
		<height>102</height>
		<depth>3</depth>
	</size>
	<segmented>0</segmented>
	<object>
		<name>ASUS</name>
		<pose>Unspecified</pose>
		<truncated>0</truncated>
		<difficult>0</difficult>
		<bndbox>
			<xmin>16</xmin>
			<ymin>26</ymin>
			<xmax>87</xmax>
			<ymax>56</ymax>
		</bndbox>
	</object>
</annotation>
