<annotation>
	<folder>ASUS2</folder>
	<filename>Screenshot 2022-05-11 124643.png</filename>
	<path>C:\Users\paul2\OneDrive\Desktop\ASUS2\Screenshot 2022-05-11 124643.png</path>
	<source>
		<database>Unknown</database>
	</source>
	<size>
		<width>195</width>
		<height>157</height>
		<depth>3</depth>
	</size>
	<segmented>0</segmented>
	<object>
		<name>ASUS</name>
		<pose>Unspecified</pose>
		<truncated>0</truncated>
		<difficult>0</difficult>
		<bndbox>
			<xmin>55</xmin>
			<ymin>40</ymin>
			<xmax>116</xmax>
			<ymax>126</ymax>
		</bndbox>
	</object>
</annotation>
