<annotation>
	<folder>ASUS2</folder>
	<filename>Screenshot 2022-05-11 124920.png</filename>
	<path>C:\Users\paul2\OneDrive\Desktop\ASUS2\Screenshot 2022-05-11 124920.png</path>
	<source>
		<database>Unknown</database>
	</source>
	<size>
		<width>502</width>
		<height>380</height>
		<depth>3</depth>
	</size>
	<segmented>0</segmented>
	<object>
		<name>ASUS</name>
		<pose>Unspecified</pose>
		<truncated>0</truncated>
		<difficult>0</difficult>
		<bndbox>
			<xmin>265</xmin>
			<ymin>51</ymin>
			<xmax>316</xmax>
			<ymax>77</ymax>
		</bndbox>
	</object>
	<object>
		<name>ASUS</name>
		<pose>Unspecified</pose>
		<truncated>0</truncated>
		<difficult>0</difficult>
		<bndbox>
			<xmin>58</xmin>
			<ymin>202</ymin>
			<xmax>121</xmax>
			<ymax>250</ymax>
		</bndbox>
	</object>
	<object>
		<name>ASUS</name>
		<pose>Unspecified</pose>
		<truncated>0</truncated>
		<difficult>0</difficult>
		<bndbox>
			<xmin>422</xmin>
			<ymin>257</ymin>
			<xmax>478</xmax>
			<ymax>284</ymax>
		</bndbox>
	</object>
</annotation>
