<annotation>
	<folder>ASUS2</folder>
	<filename>Screenshot 2022-05-11 123839.png</filename>
	<path>C:\Users\paul2\OneDrive\Desktop\ASUS2\Screenshot 2022-05-11 123839.png</path>
	<source>
		<database>Unknown</database>
	</source>
	<size>
		<width>112</width>
		<height>110</height>
		<depth>3</depth>
	</size>
	<segmented>0</segmented>
	<object>
		<name>ASUS</name>
		<pose>Unspecified</pose>
		<truncated>1</truncated>
		<difficult>0</difficult>
		<bndbox>
			<xmin>16</xmin>
			<ymin>43</ymin>
			<xmax>112</xmax>
			<ymax>64</ymax>
		</bndbox>
	</object>
</annotation>
