<annotation>
	<folder>ASUS</folder>
	<filename>Screenshot 2022-05-09 163744.png</filename>
	<path>C:\Users\paul2\OneDrive\Desktop\ASUS\Screenshot 2022-05-09 163744.png</path>
	<source>
		<database>Unknown</database>
	</source>
	<size>
		<width>510</width>
		<height>355</height>
		<depth>3</depth>
	</size>
	<segmented>0</segmented>
	<object>
		<name>ASUS</name>
		<pose>Unspecified</pose>
		<truncated>0</truncated>
		<difficult>0</difficult>
		<bndbox>
			<xmin>67</xmin>
			<ymin>210</ymin>
			<xmax>145</xmax>
			<ymax>235</ymax>
		</bndbox>
	</object>
	<object>
		<name>ASUS</name>
		<pose>Unspecified</pose>
		<truncated>0</truncated>
		<difficult>0</difficult>
		<bndbox>
			<xmin>396</xmin>
			<ymin>58</ymin>
			<xmax>464</xmax>
			<ymax>79</ymax>
		</bndbox>
	</object>
</annotation>
