<annotation>
	<folder>ASUS</folder>
	<filename>Screenshot 2022-05-09 163402.png</filename>
	<path>C:\Users\paul2\OneDrive\Desktop\ASUS\Screenshot 2022-05-09 163402.png</path>
	<source>
		<database>Unknown</database>
	</source>
	<size>
		<width>492</width>
		<height>330</height>
		<depth>3</depth>
	</size>
	<segmented>0</segmented>
	<object>
		<name>ASUS</name>
		<pose>Unspecified</pose>
		<truncated>0</truncated>
		<difficult>0</difficult>
		<bndbox>
			<xmin>89</xmin>
			<ymin>53</ymin>
			<xmax>422</xmax>
			<ymax>274</ymax>
		</bndbox>
	</object>
</annotation>
