<annotation>
	<folder>ASUS2</folder>
	<filename>Screenshot 2022-05-11 121922.png</filename>
	<path>C:\Users\paul2\OneDrive\Desktop\ASUS2\Screenshot 2022-05-11 121922.png</path>
	<source>
		<database>Unknown</database>
	</source>
	<size>
		<width>127</width>
		<height>65</height>
		<depth>3</depth>
	</size>
	<segmented>0</segmented>
	<object>
		<name>ASUS</name>
		<pose>Unspecified</pose>
		<truncated>0</truncated>
		<difficult>0</difficult>
		<bndbox>
			<xmin>15</xmin>
			<ymin>22</ymin>
			<xmax>112</xmax>
			<ymax>43</ymax>
		</bndbox>
	</object>
</annotation>
