<annotation>
	<folder>ASUS2</folder>
	<filename>Screenshot 2022-05-11 124450.png</filename>
	<path>C:\Users\paul2\OneDrive\Desktop\ASUS2\Screenshot 2022-05-11 124450.png</path>
	<source>
		<database>Unknown</database>
	</source>
	<size>
		<width>435</width>
		<height>390</height>
		<depth>3</depth>
	</size>
	<segmented>0</segmented>
	<object>
		<name>ASUS</name>
		<pose>Unspecified</pose>
		<truncated>0</truncated>
		<difficult>0</difficult>
		<bndbox>
			<xmin>120</xmin>
			<ymin>140</ymin>
			<xmax>336</xmax>
			<ymax>258</ymax>
		</bndbox>
	</object>
	<object>
		<name>ASUS</name>
		<pose>Unspecified</pose>
		<truncated>0</truncated>
		<difficult>0</difficult>
		<bndbox>
			<xmin>277</xmin>
			<ymin>19</ymin>
			<xmax>296</xmax>
			<ymax>51</ymax>
		</bndbox>
	</object>
	<object>
		<name>ASUS</name>
		<pose>Unspecified</pose>
		<truncated>0</truncated>
		<difficult>0</difficult>
		<bndbox>
			<xmin>185</xmin>
			<ymin>52</ymin>
			<xmax>201</xmax>
			<ymax>62</ymax>
		</bndbox>
	</object>
</annotation>
