<annotation>
	<folder>ASUS</folder>
	<filename>Screenshot 2022-05-09 162718.png</filename>
	<path>C:\Users\paul2\OneDrive\Desktop\ASUS\Screenshot 2022-05-09 162718.png</path>
	<source>
		<database>Unknown</database>
	</source>
	<size>
		<width>502</width>
		<height>487</height>
		<depth>3</depth>
	</size>
	<segmented>0</segmented>
	<object>
		<name>ASUS</name>
		<pose>Unspecified</pose>
		<truncated>0</truncated>
		<difficult>0</difficult>
		<bndbox>
			<xmin>70</xmin>
			<ymin>71</ymin>
			<xmax>448</xmax>
			<ymax>191</ymax>
		</bndbox>
	</object>
	<object>
		<name>ASUS</name>
		<pose>Unspecified</pose>
		<truncated>0</truncated>
		<difficult>0</difficult>
		<bndbox>
			<xmin>303</xmin>
			<ymin>410</ymin>
			<xmax>356</xmax>
			<ymax>434</ymax>
		</bndbox>
	</object>
</annotation>
