<annotation>
	<folder>ASUS2</folder>
	<filename>Screenshot 2022-05-11 131706.png</filename>
	<path>C:\Users\paul2\OneDrive\Desktop\ASUS2\Screenshot 2022-05-11 131706.png</path>
	<source>
		<database>Unknown</database>
	</source>
	<size>
		<width>572</width>
		<height>332</height>
		<depth>3</depth>
	</size>
	<segmented>0</segmented>
	<object>
		<name>ASUS</name>
		<pose>Unspecified</pose>
		<truncated>0</truncated>
		<difficult>0</difficult>
		<bndbox>
			<xmin>295</xmin>
			<ymin>103</ymin>
			<xmax>358</xmax>
			<ymax>140</ymax>
		</bndbox>
	</object>
	<object>
		<name>ASUS</name>
		<pose>Unspecified</pose>
		<truncated>0</truncated>
		<difficult>0</difficult>
		<bndbox>
			<xmin>64</xmin>
			<ymin>203</ymin>
			<xmax>160</xmax>
			<ymax>263</ymax>
		</bndbox>
	</object>
	<object>
		<name>ASUS</name>
		<pose>Unspecified</pose>
		<truncated>0</truncated>
		<difficult>0</difficult>
		<bndbox>
			<xmin>444</xmin>
			<ymin>210</ymin>
			<xmax>527</xmax>
			<ymax>253</ymax>
		</bndbox>
	</object>
</annotation>
