<annotation>
	<folder>ASUS2</folder>
	<filename>Screenshot 2022-05-11 124443.png</filename>
	<path>C:\Users\paul2\OneDrive\Desktop\ASUS2\Screenshot 2022-05-11 124443.png</path>
	<source>
		<database>Unknown</database>
	</source>
	<size>
		<width>422</width>
		<height>410</height>
		<depth>3</depth>
	</size>
	<segmented>0</segmented>
	<object>
		<name>ASUS</name>
		<pose>Unspecified</pose>
		<truncated>0</truncated>
		<difficult>0</difficult>
		<bndbox>
			<xmin>113</xmin>
			<ymin>225</ymin>
			<xmax>148</xmax>
			<ymax>294</ymax>
		</bndbox>
	</object>
	<object>
		<name>ASUS</name>
		<pose>Unspecified</pose>
		<truncated>0</truncated>
		<difficult>0</difficult>
		<bndbox>
			<xmin>279</xmin>
			<ymin>216</ymin>
			<xmax>319</xmax>
			<ymax>285</ymax>
		</bndbox>
	</object>
</annotation>
