<annotation>
	<folder>ASUS2</folder>
	<filename>Screenshot 2022-05-11 190406.png</filename>
	<path>C:\Users\paul2\OneDrive\Desktop\ASUS2\Screenshot 2022-05-11 190406.png</path>
	<source>
		<database>Unknown</database>
	</source>
	<size>
		<width>552</width>
		<height>345</height>
		<depth>3</depth>
	</size>
	<segmented>0</segmented>
	<object>
		<name>ASUS</name>
		<pose>Unspecified</pose>
		<truncated>0</truncated>
		<difficult>0</difficult>
		<bndbox>
			<xmin>47</xmin>
			<ymin>168</ymin>
			<xmax>69</xmax>
			<ymax>220</ymax>
		</bndbox>
	</object>
	<object>
		<name>ASUS</name>
		<pose>Unspecified</pose>
		<truncated>0</truncated>
		<difficult>0</difficult>
		<bndbox>
			<xmin>242</xmin>
			<ymin>158</ymin>
			<xmax>274</xmax>
			<ymax>211</ymax>
		</bndbox>
	</object>
	<object>
		<name>ASUS</name>
		<pose>Unspecified</pose>
		<truncated>0</truncated>
		<difficult>0</difficult>
		<bndbox>
			<xmin>479</xmin>
			<ymin>158</ymin>
			<xmax>514</xmax>
			<ymax>222</ymax>
		</bndbox>
	</object>
</annotation>
