<annotation>
	<folder>ASUS</folder>
	<filename>Screenshot 2022-05-09 162819.png</filename>
	<path>C:\Users\paul2\OneDrive\Desktop\ASUS\Screenshot 2022-05-09 162819.png</path>
	<source>
		<database>Unknown</database>
	</source>
	<size>
		<width>795</width>
		<height>985</height>
		<depth>3</depth>
	</size>
	<segmented>0</segmented>
	<object>
		<name>ASUS</name>
		<pose>Unspecified</pose>
		<truncated>0</truncated>
		<difficult>0</difficult>
		<bndbox>
			<xmin>227</xmin>
			<ymin>17</ymin>
			<xmax>455</xmax>
			<ymax>128</ymax>
		</bndbox>
	</object>
	<object>
		<name>ASUS</name>
		<pose>Unspecified</pose>
		<truncated>0</truncated>
		<difficult>0</difficult>
		<bndbox>
			<xmin>104</xmin>
			<ymin>843</ymin>
			<xmax>191</xmax>
			<ymax>906</ymax>
		</bndbox>
	</object>
</annotation>
