<annotation>
	<folder>ASUS</folder>
	<filename>Screenshot 2022-05-09 163817.png</filename>
	<path>C:\Users\paul2\OneDrive\Desktop\ASUS\Screenshot 2022-05-09 163817.png</path>
	<source>
		<database>Unknown</database>
	</source>
	<size>
		<width>1217</width>
		<height>827</height>
		<depth>3</depth>
	</size>
	<segmented>0</segmented>
	<object>
		<name>ASUS</name>
		<pose>Unspecified</pose>
		<truncated>0</truncated>
		<difficult>0</difficult>
		<bndbox>
			<xmin>101</xmin>
			<ymin>620</ymin>
			<xmax>264</xmax>
			<ymax>695</ymax>
		</bndbox>
	</object>
	<object>
		<name>ASUS</name>
		<pose>Unspecified</pose>
		<truncated>0</truncated>
		<difficult>0</difficult>
		<bndbox>
			<xmin>622</xmin>
			<ymin>318</ymin>
			<xmax>724</xmax>
			<ymax>402</ymax>
		</bndbox>
	</object>
	<object>
		<name>ASUS</name>
		<pose>Unspecified</pose>
		<truncated>0</truncated>
		<difficult>0</difficult>
		<bndbox>
			<xmin>1031</xmin>
			<ymin>79</ymin>
			<xmax>1191</xmax>
			<ymax>122</ymax>
		</bndbox>
	</object>
</annotation>
