<annotation>
	<folder>ASUS2</folder>
	<filename>Screenshot 2022-05-11 185249.png</filename>
	<path>C:\Users\paul2\OneDrive\Desktop\ASUS2\Screenshot 2022-05-11 185249.png</path>
	<source>
		<database>Unknown</database>
	</source>
	<size>
		<width>452</width>
		<height>407</height>
		<depth>3</depth>
	</size>
	<segmented>0</segmented>
	<object>
		<name>ASUS</name>
		<pose>Unspecified</pose>
		<truncated>0</truncated>
		<difficult>0</difficult>
		<bndbox>
			<xmin>408</xmin>
			<ymin>43</ymin>
			<xmax>440</xmax>
			<ymax>80</ymax>
		</bndbox>
	</object>
	<object>
		<name>ASUS</name>
		<pose>Unspecified</pose>
		<truncated>0</truncated>
		<difficult>0</difficult>
		<bndbox>
			<xmin>30</xmin>
			<ymin>225</ymin>
			<xmax>215</xmax>
			<ymax>394</ymax>
		</bndbox>
	</object>
</annotation>
