<annotation>
	<folder>ASUS2</folder>
	<filename>Screenshot 2022-05-11 190147.png</filename>
	<path>C:\Users\paul2\OneDrive\Desktop\ASUS2\Screenshot 2022-05-11 190147.png</path>
	<source>
		<database>Unknown</database>
	</source>
	<size>
		<width>547</width>
		<height>760</height>
		<depth>3</depth>
	</size>
	<segmented>0</segmented>
	<object>
		<name>ASUS</name>
		<pose>Unspecified</pose>
		<truncated>0</truncated>
		<difficult>0</difficult>
		<bndbox>
			<xmin>134</xmin>
			<ymin>85</ymin>
			<xmax>181</xmax>
			<ymax>126</ymax>
		</bndbox>
	</object>
	<object>
		<name>ASUS</name>
		<pose>Unspecified</pose>
		<truncated>0</truncated>
		<difficult>0</difficult>
		<bndbox>
			<xmin>193</xmin>
			<ymin>359</ymin>
			<xmax>219</xmax>
			<ymax>424</ymax>
		</bndbox>
	</object>
	<object>
		<name>ASUS</name>
		<pose>Unspecified</pose>
		<truncated>0</truncated>
		<difficult>0</difficult>
		<bndbox>
			<xmin>241</xmin>
			<ymin>665</ymin>
			<xmax>270</xmax>
			<ymax>720</ymax>
		</bndbox>
	</object>
</annotation>
