<annotation>
	<folder>ASUS</folder>
	<filename>Screenshot 2022-05-09 163151.png</filename>
	<path>C:\Users\paul2\OneDrive\Desktop\ASUS\Screenshot 2022-05-09 163151.png</path>
	<source>
		<database>Unknown</database>
	</source>
	<size>
		<width>1107</width>
		<height>820</height>
		<depth>3</depth>
	</size>
	<segmented>0</segmented>
	<object>
		<name>ASUS</name>
		<pose>Unspecified</pose>
		<truncated>0</truncated>
		<difficult>0</difficult>
		<bndbox>
			<xmin>147</xmin>
			<ymin>96</ymin>
			<xmax>493</xmax>
			<ymax>323</ymax>
		</bndbox>
	</object>
	<object>
		<name>ASUS</name>
		<pose>Unspecified</pose>
		<truncated>0</truncated>
		<difficult>0</difficult>
		<bndbox>
			<xmin>843</xmin>
			<ymin>80</ymin>
			<xmax>1062</xmax>
			<ymax>296</ymax>
		</bndbox>
	</object>
	<object>
		<name>ASUS</name>
		<pose>Unspecified</pose>
		<truncated>0</truncated>
		<difficult>0</difficult>
		<bndbox>
			<xmin>923</xmin>
			<ymin>692</ymin>
			<xmax>1002</xmax>
			<ymax>770</ymax>
		</bndbox>
	</object>
</annotation>
