<annotation>
	<folder>ASUS2</folder>
	<filename>Screenshot 2022-05-11 124430.png</filename>
	<path>C:\Users\paul2\OneDrive\Desktop\ASUS2\Screenshot 2022-05-11 124430.png</path>
	<source>
		<database>Unknown</database>
	</source>
	<size>
		<width>490</width>
		<height>477</height>
		<depth>3</depth>
	</size>
	<segmented>0</segmented>
	<object>
		<name>ASUS</name>
		<pose>Unspecified</pose>
		<truncated>0</truncated>
		<difficult>0</difficult>
		<bndbox>
			<xmin>204</xmin>
			<ymin>103</ymin>
			<xmax>418</xmax>
			<ymax>349</ymax>
		</bndbox>
	</object>
	<object>
		<name>ASUS</name>
		<pose>Unspecified</pose>
		<truncated>0</truncated>
		<difficult>0</difficult>
		<bndbox>
			<xmin>125</xmin>
			<ymin>242</ymin>
			<xmax>257</xmax>
			<ymax>368</ymax>
		</bndbox>
	</object>
</annotation>
