<annotation>
	<folder>ASUS</folder>
	<filename>Screenshot 2022-05-09 162613.png</filename>
	<path>C:\Users\paul2\OneDrive\Desktop\ASUS\Screenshot 2022-05-09 162613.png</path>
	<source>
		<database>Unknown</database>
	</source>
	<size>
		<width>1460</width>
		<height>1382</height>
		<depth>3</depth>
	</size>
	<segmented>0</segmented>
	<object>
		<name>ASUS</name>
		<pose>Unspecified</pose>
		<truncated>0</truncated>
		<difficult>0</difficult>
		<bndbox>
			<xmin>36</xmin>
			<ymin>44</ymin>
			<xmax>565</xmax>
			<ymax>224</ymax>
		</bndbox>
	</object>
	<object>
		<name>ASUS</name>
		<pose>Unspecified</pose>
		<truncated>0</truncated>
		<difficult>0</difficult>
		<bndbox>
			<xmin>1050</xmin>
			<ymin>562</ymin>
			<xmax>1375</xmax>
			<ymax>757</ymax>
		</bndbox>
	</object>
</annotation>
