<annotation>
	<folder>ASUS2</folder>
	<filename>Screenshot 2022-05-11 125839.png</filename>
	<path>C:\Users\paul2\OneDrive\Desktop\ASUS2\Screenshot 2022-05-11 125839.png</path>
	<source>
		<database>Unknown</database>
	</source>
	<size>
		<width>315</width>
		<height>165</height>
		<depth>3</depth>
	</size>
	<segmented>0</segmented>
	<object>
		<name>ASUS</name>
		<pose>Unspecified</pose>
		<truncated>0</truncated>
		<difficult>0</difficult>
		<bndbox>
			<xmin>35</xmin>
			<ymin>42</ymin>
			<xmax>92</xmax>
			<ymax>69</ymax>
		</bndbox>
	</object>
	<object>
		<name>ASUS</name>
		<pose>Unspecified</pose>
		<truncated>0</truncated>
		<difficult>0</difficult>
		<bndbox>
			<xmin>248</xmin>
			<ymin>94</ymin>
			<xmax>302</xmax>
			<ymax>119</ymax>
		</bndbox>
	</object>
</annotation>
