<annotation>
	<folder>ASUS</folder>
	<filename>Screenshot 2022-05-09 163046.png</filename>
	<path>C:\Users\paul2\OneDrive\Desktop\ASUS\Screenshot 2022-05-09 163046.png</path>
	<source>
		<database>Unknown</database>
	</source>
	<size>
		<width>515</width>
		<height>480</height>
		<depth>3</depth>
	</size>
	<segmented>0</segmented>
	<object>
		<name>ASUS</name>
		<pose>Unspecified</pose>
		<truncated>0</truncated>
		<difficult>0</difficult>
		<bndbox>
			<xmin>93</xmin>
			<ymin>139</ymin>
			<xmax>208</xmax>
			<ymax>217</ymax>
		</bndbox>
	</object>
</annotation>
