<annotation>
	<folder>ASUS2</folder>
	<filename>Screenshot 2022-05-11 124410.png</filename>
	<path>C:\Users\paul2\OneDrive\Desktop\ASUS2\Screenshot 2022-05-11 124410.png</path>
	<source>
		<database>Unknown</database>
	</source>
	<size>
		<width>380</width>
		<height>360</height>
		<depth>3</depth>
	</size>
	<segmented>0</segmented>
	<object>
		<name>ASUS</name>
		<pose>Unspecified</pose>
		<truncated>0</truncated>
		<difficult>0</difficult>
		<bndbox>
			<xmin>79</xmin>
			<ymin>81</ymin>
			<xmax>144</xmax>
			<ymax>115</ymax>
		</bndbox>
	</object>
	<object>
		<name>ASUS</name>
		<pose>Unspecified</pose>
		<truncated>0</truncated>
		<difficult>0</difficult>
		<bndbox>
			<xmin>200</xmin>
			<ymin>239</ymin>
			<xmax>279</xmax>
			<ymax>268</ymax>
		</bndbox>
	</object>
</annotation>
