<annotation>
	<folder>ASUS2</folder>
	<filename>Screenshot 2022-05-11 123610.png</filename>
	<path>C:\Users\paul2\OneDrive\Desktop\ASUS2\Screenshot 2022-05-11 123610.png</path>
	<source>
		<database>Unknown</database>
	</source>
	<size>
		<width>610</width>
		<height>427</height>
		<depth>3</depth>
	</size>
	<segmented>0</segmented>
	<object>
		<name>ASUS</name>
		<pose>Unspecified</pose>
		<truncated>0</truncated>
		<difficult>0</difficult>
		<bndbox>
			<xmin>45</xmin>
			<ymin>59</ymin>
			<xmax>112</xmax>
			<ymax>85</ymax>
		</bndbox>
	</object>
	<object>
		<name>ASUS</name>
		<pose>Unspecified</pose>
		<truncated>0</truncated>
		<difficult>0</difficult>
		<bndbox>
			<xmin>500</xmin>
			<ymin>296</ymin>
			<xmax>583</xmax>
			<ymax>321</ymax>
		</bndbox>
	</object>
</annotation>
